prompt,ub,threads,mode,tok_s,n_micro_batches,mb_pos,category,cpu_ms,npu_ms,count,span_ms,npu_eligible
2048,2048,15,hybrid,1215.67,1,0,attention,599.1,0.0,30,1688.0,0
2048,2048,15,hybrid,1215.67,1,0,ffn_down,118.0,109.87,30,1688.0,1
2048,2048,15,hybrid,1215.67,1,0,ffn_up,102.96,110.42,30,1688.0,1
2048,2048,15,hybrid,1215.67,1,0,ffn_gate,97.66,111.14,30,1688.0,1
2048,2048,15,hybrid,1215.67,1,0,norm,90.11,0.0,121,1688.0,0
2048,2048,15,hybrid,1215.67,1,0,attn_out_proj,42.76,37.69,30,1688.0,1
2048,2048,15,hybrid,1215.67,1,0,attn_q_proj,41.66,37.1,30,1688.0,1
2048,2048,15,hybrid,1215.67,1,0,ffn_activation,49.91,0.0,30,1688.0,0
2048,2048,15,hybrid,1215.67,1,0,attn_k_proj,42.1,0.0,30,1688.0,0
2048,2048,15,hybrid,1215.67,1,0,attn_v_proj,41.97,0.0,30,1688.0,0
2048,2048,15,hybrid,1215.67,1,0,residual_add,20.78,0.0,60,1688.0,0
2048,2048,15,hybrid,1215.67,1,0,rope,17.17,0.0,60,1688.0,0
2048,2048,15,hybrid,1215.67,1,0,lm_head,5.88,0.0,1,1688.0,0
2048,2048,15,hybrid,1215.67,1,0,kv_cache_write,2.66,0.0,60,1688.0,0
2048,2048,15,hybrid,1215.67,1,0,embedding,0.3,0.0,3,1688.0,0
2048,2048,15,cpu,1014.78,1,0,attention,593.69,0.0,30,2011.9,0
2048,2048,15,cpu,1014.78,1,0,ffn_gate,302.04,0.0,30,2011.9,1
2048,2048,15,cpu,1014.78,1,0,ffn_up,300.9,0.0,30,2011.9,1
2048,2048,15,cpu,1014.78,1,0,ffn_down,294.59,0.0,30,2011.9,1
2048,2048,15,cpu,1014.78,1,0,attn_q_proj,119.67,0.0,30,2011.9,1
2048,2048,15,cpu,1014.78,1,0,attn_out_proj,113.9,0.0,30,2011.9,1
2048,2048,15,cpu,1014.78,1,0,norm,95.69,0.0,121,2011.9,0
2048,2048,15,cpu,1014.78,1,0,ffn_activation,54.69,0.0,30,2011.9,0
2048,2048,15,cpu,1014.78,1,0,attn_v_proj,42.97,0.0,30,2011.9,0
2048,2048,15,cpu,1014.78,1,0,attn_k_proj,39.07,0.0,30,2011.9,0
2048,2048,15,cpu,1014.78,1,0,residual_add,22.78,0.0,60,2011.9,0
2048,2048,15,cpu,1014.78,1,0,rope,19.28,0.0,60,2011.9,0
2048,2048,15,cpu,1014.78,1,0,lm_head,6.89,0.0,1,2011.9,0
2048,2048,15,cpu,1014.78,1,0,kv_cache_write,3.1,0.0,60,2011.9,0
2048,2048,15,cpu,1014.78,1,0,embedding,0.33,0.0,3,2011.9,0
2048,1024,15,hybrid,922.91,2,0,ffn_up,85.33,98.47,30,983.4,1
2048,1024,15,hybrid,922.91,2,0,ffn_gate,81.28,101.49,30,983.4,1
2048,1024,15,hybrid,922.91,2,0,ffn_down,80.72,100.75,30,983.4,1
2048,1024,15,hybrid,922.91,2,0,attention,159.83,0.0,30,983.4,0
2048,1024,15,hybrid,922.91,2,0,attn_out_proj,39.46,39.38,30,983.4,1
2048,1024,15,hybrid,922.91,2,0,attn_q_proj,36.14,33.13,30,983.4,1
2048,1024,15,hybrid,922.91,2,0,norm,44.68,0.0,121,983.4,0
2048,1024,15,hybrid,922.91,2,0,ffn_activation,21.3,0.0,30,983.4,0
2048,1024,15,hybrid,922.91,2,0,attn_k_proj,20.22,0.0,30,983.4,0
2048,1024,15,hybrid,922.91,2,0,attn_v_proj,19.39,0.0,30,983.4,0
2048,1024,15,hybrid,922.91,2,0,rope,7.78,0.0,60,983.4,0
2048,1024,15,hybrid,922.91,2,0,residual_add,6.9,0.0,60,983.4,0
2048,1024,15,hybrid,922.91,2,0,kv_cache_write,2.27,0.0,60,983.4,0
2048,1024,15,hybrid,922.91,2,0,embedding,0.15,0.0,3,983.4,0
2048,1024,15,hybrid,922.91,2,1,attention,416.86,0.0,30,1229.2,0
2048,1024,15,hybrid,922.91,2,1,ffn_up,83.09,98.63,30,1229.2,1
2048,1024,15,hybrid,922.91,2,1,ffn_down,79.82,100.89,30,1229.2,1
2048,1024,15,hybrid,922.91,2,1,ffn_gate,77.31,101.45,30,1229.2,1
2048,1024,15,hybrid,922.91,2,1,attn_out_proj,38.01,39.66,30,1229.2,1
2048,1024,15,hybrid,922.91,2,1,attn_q_proj,35.39,33.18,30,1229.2,1
2048,1024,15,hybrid,922.91,2,1,norm,44.2,0.0,121,1229.2,0
2048,1024,15,hybrid,922.91,2,1,ffn_activation,20.78,0.0,30,1229.2,0
2048,1024,15,hybrid,922.91,2,1,attn_k_proj,18.67,0.0,30,1229.2,0
2048,1024,15,hybrid,922.91,2,1,attn_v_proj,17.9,0.0,30,1229.2,0
2048,1024,15,hybrid,922.91,2,1,rope,7.75,0.0,60,1229.2,0
2048,1024,15,hybrid,922.91,2,1,residual_add,7.21,0.0,60,1229.2,0
2048,1024,15,hybrid,922.91,2,1,lm_head,5.69,0.0,1,1229.2,0
2048,1024,15,hybrid,922.91,2,1,kv_cache_write,1.63,0.0,60,1229.2,0
2048,1024,15,hybrid,922.91,2,1,embedding,0.15,0.0,3,1229.2,0
2048,1024,15,cpu,1016.01,2,0,attention,164.53,0.0,30,873.4,0
2048,1024,15,cpu,1016.01,2,0,ffn_gate,152.86,0.0,30,873.4,1
2048,1024,15,cpu,1016.01,2,0,ffn_up,150.1,0.0,30,873.4,1
2048,1024,15,cpu,1016.01,2,0,ffn_down,146.33,0.0,30,873.4,1
2048,1024,15,cpu,1016.01,2,0,attn_out_proj,61.39,0.0,30,873.4,1
2048,1024,15,cpu,1016.01,2,0,attn_q_proj,59.42,0.0,30,873.4,1
2048,1024,15,cpu,1016.01,2,0,norm,51.55,0.0,121,873.4,0
2048,1024,15,cpu,1016.01,2,0,ffn_activation,23.9,0.0,30,873.4,0
2048,1024,15,cpu,1016.01,2,0,attn_v_proj,21.19,0.0,30,873.4,0
2048,1024,15,cpu,1016.01,2,0,attn_k_proj,20.09,0.0,30,873.4,0
2048,1024,15,cpu,1016.01,2,0,residual_add,10.58,0.0,60,873.4,0
2048,1024,15,cpu,1016.01,2,0,rope,9.38,0.0,60,873.4,0
2048,1024,15,cpu,1016.01,2,0,kv_cache_write,2.64,0.0,60,873.4,0
2048,1024,15,cpu,1016.01,2,0,embedding,0.17,0.0,3,873.4,0
2048,1024,15,cpu,1016.01,2,1,attention,418.83,0.0,30,1131.8,0
2048,1024,15,cpu,1016.01,2,1,ffn_gate,150.28,0.0,30,1131.8,1
2048,1024,15,cpu,1016.01,2,1,ffn_up,148.35,0.0,30,1131.8,1
2048,1024,15,cpu,1016.01,2,1,ffn_down,146.45,0.0,30,1131.8,1
2048,1024,15,cpu,1016.01,2,1,attn_out_proj,60.9,0.0,30,1131.8,1
2048,1024,15,cpu,1016.01,2,1,attn_q_proj,60.44,0.0,30,1131.8,1
2048,1024,15,cpu,1016.01,2,1,norm,51.5,0.0,121,1131.8,0
2048,1024,15,cpu,1016.01,2,1,ffn_activation,23.78,0.0,30,1131.8,0
2048,1024,15,cpu,1016.01,2,1,attn_v_proj,21.3,0.0,30,1131.8,0
2048,1024,15,cpu,1016.01,2,1,attn_k_proj,20.2,0.0,30,1131.8,0
2048,1024,15,cpu,1016.01,2,1,residual_add,11.03,0.0,60,1131.8,0
2048,1024,15,cpu,1016.01,2,1,rope,9.44,0.0,60,1131.8,0
2048,1024,15,cpu,1016.01,2,1,lm_head,6.84,0.0,1,1131.8,0
2048,1024,15,cpu,1016.01,2,1,kv_cache_write,2.1,0.0,60,1131.8,0
2048,1024,15,cpu,1016.01,2,1,embedding,0.15,0.0,3,1131.8,0
