regime,turn,supplied_n,reused_n,eval_n,prompt_ms,ttft_ms,total_ms,rebased,state_version
A rebuild (no reuse),1,2094,0,2094,2800.97,2815.48,3097.07,0,3ca1c5354eb5bc6a
A rebuild (no reuse),2,2112,0,2112,2610.99,2626.34,2675.54,0,bb9e6e46708f447f
A rebuild (no reuse),3,2130,0,2130,2679.65,2694.0,2740.15,0,d62468582b4660ad
A rebuild (no reuse),4,2148,0,2148,2686.78,2701.38,2748.88,0,b3f661ce875dff79
A rebuild (no reuse),5,2166,0,2166,2726.16,2741.23,2790.25,0,bd799904ac242ad0
A rebuild (no reuse),6,2184,0,2184,2724.75,2738.74,2784.44,0,fda6254b68c3f34d
A rebuild (no reuse),7,2202,0,2202,2793.14,2807.2,2853.08,0,0f03a5dde1ce7ed7
A rebuild (no reuse),8,2220,0,2220,2781.05,2795.19,2840.76,0,a4162b450cc32271
A rebuild (no reuse),9,2238,0,2238,2850.04,2863.96,2909.56,0,78542f722a2c9fe1
A rebuild (no reuse),10,2256,0,2256,2878.7,2893.69,2942.49,0,bb42ab0d040ea6c7
A rebuild (no reuse),11,2274,0,2274,2870.44,2888.16,2945.15,0,2389e7e0a5e71544
A rebuild (no reuse),12,2292,0,2292,2942.67,2957.03,3003.91,0,b41c1bf51da07ca2
A rebuild (no reuse),13,2310,0,2310,2983.69,2999.32,3050.08,0,2dd1e09eaa12ab16
A rebuild (no reuse),14,2328,0,2328,3023.28,3037.55,3083.93,0,6e6a8810eb1db8a1
A rebuild (no reuse),15,2346,0,2346,3008.32,3022.68,3069.67,0,8ed461298d3b7b86
A rebuild (no reuse),16,2364,0,2364,3079.0,3094.21,3143.8,0,b4eed09180a68082
A rebuild (no reuse),17,2382,0,2382,3085.23,3101.43,3153.89,0,90624bb04b821f95
A rebuild (no reuse),18,2400,0,2400,3111.03,3125.68,3172.98,0,6060d0ac50d9fac3
A rebuild (no reuse),19,2418,0,2418,3172.31,3187.36,3235.79,0,42dcdb86f0ec5527
A rebuild (no reuse),20,2436,0,2436,3176.31,3191.06,3238.73,0,7d8bc6925a3bc1c5
A rebuild (no reuse),21,2454,0,2454,3264.88,3280.74,3331.53,0,872ed1557e3a1f01
A rebuild (no reuse),22,2472,0,2472,3240.3,3255.09,3302.73,0,955664455b819cef
A rebuild (no reuse),23,2490,0,2490,3320.28,3334.77,3382.21,0,e6c504b3a1eddb93
A rebuild (no reuse),24,2508,0,2508,3328.12,3343.06,3391.36,0,1709f025e6da0654
A rebuild (no reuse),25,2526,0,2526,3323.36,3338.17,3385.91,0,6bd2eddc8e8f466d
A rebuild (no reuse),26,2544,0,2544,3329.52,3344.38,3392.26,0,8c94227a626cd7f1
A rebuild (no reuse),27,,,,,,2.93,0,0cb1ccb9e92b2797
A rebuild (no reuse),28,,,,,,2.03,0,902556e755b4e595
A rebuild (no reuse),29,,,,,,1.87,0,de5b74b722e6bdd5
A rebuild (no reuse),30,,,,,,1.86,0,1b45266ab9c188d3
A rebuild (no reuse),31,,,,,,1.75,0,b3d016e7cc7998c0
A rebuild (no reuse),32,,,,,,2.13,0,c9cab98251c013a9
A rebuild (no reuse),33,,,,,,1.7,0,008b4fdfa3b00b50
A rebuild (no reuse),34,,,,,,1.83,0,6ab9c8d0c7675eb2
A rebuild (no reuse),35,,,,,,3.31,0,6e0bb6a0ca9ea2e3
A rebuild (no reuse),36,,,,,,2.93,0,e0462d75b805b06b
A rebuild (no reuse),37,,,,,,2.74,0,cf10f34500b990da
A rebuild (no reuse),38,,,,,,2.72,0,df3b3945c2a239f2
A rebuild (no reuse),39,,,,,,1.97,0,c233e49623e7d782
A rebuild (no reuse),40,,,,,,2.52,0,e5221e0ba03eb0ec
A rebuild (no reuse),41,,,,,,2.4,0,41bee671093c4cdc
A rebuild (no reuse),42,,,,,,1.82,0,564a514eb7b9b11a
A rebuild (no reuse),43,,,,,,1.75,0,623d143f07e10fc1
A rebuild (no reuse),44,,,,,,2.58,0,951fae24d030b0fb
A rebuild (no reuse),45,,,,,,1.89,0,8991ffd826bf9448
A rebuild (no reuse),46,,,,,,2.49,0,2e4113df06adff3c
A rebuild (no reuse),47,,,,,,2.48,0,0fd83775fb83fbfa
A rebuild (no reuse),48,,,,,,2.43,0,fa472b33ba2a2ff3
A rebuild (no reuse),49,,,,,,1.98,0,4c19b19a3c8e4b65
A rebuild (no reuse),50,,,,,,2.39,0,0898e6464cb8f099
B spine reuse,1,2094,2084,10,59.24,73.5,118.3,0,3ca1c5354eb5bc6a
B spine reuse,2,2112,2084,28,135.72,149.47,193.78,0,bb9e6e46708f447f
B spine reuse,3,2130,2102,28,132.33,146.22,190.98,0,d62468582b4660ad
B spine reuse,4,2148,2120,28,128.31,142.39,188.24,0,b3f661ce875dff79
B spine reuse,5,2166,2138,28,126.94,142.15,190.91,0,bd799904ac242ad0
B spine reuse,6,2184,2156,28,126.58,140.05,183.51,0,fda6254b68c3f34d
B spine reuse,7,2202,2174,28,127.38,140.91,184.59,0,0f03a5dde1ce7ed7
B spine reuse,8,2220,2192,28,129.14,143.03,187.81,0,a4162b450cc32271
B spine reuse,9,2238,2210,28,127.82,141.26,184.71,0,78542f722a2c9fe1
B spine reuse,10,2256,2228,28,124.57,137.71,180.2,0,bb42ab0d040ea6c7
B spine reuse,11,2274,2246,28,124.42,138.83,185.17,0,2389e7e0a5e71544
B spine reuse,12,2292,2264,28,129.05,142.24,184.96,0,b41c1bf51da07ca2
B spine reuse,13,2310,2282,28,128.79,143.01,188.85,0,2dd1e09eaa12ab16
B spine reuse,14,2328,2300,28,131.32,145.34,190.61,0,6e6a8810eb1db8a1
B spine reuse,15,2346,2318,28,132.54,147.5,195.6,0,8ed461298d3b7b86
B spine reuse,16,2364,2336,28,133.36,147.04,191.38,0,b4eed09180a68082
B spine reuse,17,2382,2354,28,137.34,155.32,212.45,0,90624bb04b821f95
B spine reuse,18,2400,2372,28,135.9,151.72,202.43,0,6060d0ac50d9fac3
B spine reuse,19,2418,2390,28,137.68,151.64,196.92,0,42dcdb86f0ec5527
B spine reuse,20,2436,2408,28,135.22,148.79,192.85,0,7d8bc6925a3bc1c5
B spine reuse,21,2454,2426,28,144.11,161.23,216.1,0,872ed1557e3a1f01
B spine reuse,22,2472,2444,28,133.02,146.8,191.75,0,955664455b819cef
B spine reuse,23,2490,2462,28,140.95,155.9,204.18,0,e6c504b3a1eddb93
B spine reuse,24,2508,2480,28,138.17,151.89,196.27,0,1709f025e6da0654
B spine reuse,25,2526,2498,28,143.6,158.76,207.64,0,6bd2eddc8e8f466d
B spine reuse,26,2544,2516,28,141.74,156.75,205.13,0,8c94227a626cd7f1
B spine reuse,27,,,,,,3.1,0,0cb1ccb9e92b2797
B spine reuse,28,,,,,,2.45,0,902556e755b4e595
B spine reuse,29,,,,,,2.08,0,de5b74b722e6bdd5
B spine reuse,30,,,,,,2.22,0,1b45266ab9c188d3
B spine reuse,31,,,,,,1.92,0,b3d016e7cc7998c0
B spine reuse,32,,,,,,1.85,0,c9cab98251c013a9
B spine reuse,33,,,,,,1.88,0,008b4fdfa3b00b50
B spine reuse,34,,,,,,1.82,0,6ab9c8d0c7675eb2
B spine reuse,35,,,,,,1.87,0,6e0bb6a0ca9ea2e3
B spine reuse,36,,,,,,1.87,0,e0462d75b805b06b
B spine reuse,37,,,,,,1.87,0,cf10f34500b990da
B spine reuse,38,,,,,,1.88,0,df3b3945c2a239f2
B spine reuse,39,,,,,,1.79,0,c233e49623e7d782
B spine reuse,40,,,,,,2.24,0,e5221e0ba03eb0ec
B spine reuse,41,,,,,,2.13,0,41bee671093c4cdc
B spine reuse,42,,,,,,1.86,0,564a514eb7b9b11a
B spine reuse,43,,,,,,1.78,0,623d143f07e10fc1
B spine reuse,44,,,,,,1.77,0,951fae24d030b0fb
B spine reuse,45,,,,,,1.79,0,8991ffd826bf9448
B spine reuse,46,,,,,,1.8,0,2e4113df06adff3c
B spine reuse,47,,,,,,1.86,0,0fd83775fb83fbfa
B spine reuse,48,,,,,,2.04,0,fa472b33ba2a2ff3
B spine reuse,49,,,,,,2.74,0,4c19b19a3c8e4b65
B spine reuse,50,,,,,,2.51,0,0898e6464cb8f099
C rebase/10,1,2094,2084,10,57.15,70.25,111.64,0,3ca1c5354eb5bc6a
C rebase/10,2,2112,2084,28,124.51,138.09,181.93,0,bb9e6e46708f447f
C rebase/10,3,2130,2102,28,127.84,141.24,184.48,0,d62468582b4660ad
C rebase/10,4,2148,2120,28,127.11,140.8,184.95,0,b3f661ce875dff79
C rebase/10,5,2166,2138,28,123.32,136.44,178.9,0,bd799904ac242ad0
C rebase/10,6,2184,2156,28,129.75,142.93,185.64,0,fda6254b68c3f34d
C rebase/10,7,2202,2174,28,140.63,154.04,197.4,0,0f03a5dde1ce7ed7
C rebase/10,8,2220,2192,28,126.03,139.11,181.59,0,a4162b450cc32271
C rebase/10,9,2238,2210,28,131.66,144.74,187.13,0,78542f722a2c9fe1
C rebase/10,10,2256,2246,10,62.34,76.42,121.86,1,bb42ab0d040ea6c7
C rebase/10,11,2274,2246,28,136.37,151.82,201.28,0,2389e7e0a5e71544
C rebase/10,12,2292,2264,28,139.84,154.12,200.12,0,b41c1bf51da07ca2
C rebase/10,13,2310,2282,28,143.28,157.08,201.68,0,2dd1e09eaa12ab16
C rebase/10,14,2328,2300,28,131.16,145.89,193.23,0,6e6a8810eb1db8a1
C rebase/10,15,2346,2318,28,130.51,145.13,192.24,0,8ed461298d3b7b86
C rebase/10,16,2364,2336,28,132.38,146.73,193.04,0,b4eed09180a68082
C rebase/10,17,2382,2354,28,128.28,143.24,191.28,0,90624bb04b821f95
C rebase/10,18,2400,2372,28,134.13,148.68,195.54,0,6060d0ac50d9fac3
C rebase/10,19,2418,2390,28,135.2,148.84,192.97,0,42dcdb86f0ec5527
C rebase/10,20,2436,2426,10,66.05,80.51,127.16,1,7d8bc6925a3bc1c5
C rebase/10,21,2454,2426,28,156.19,170.44,216.48,0,872ed1557e3a1f01
C rebase/10,22,2472,2444,28,140.79,154.63,199.35,0,955664455b819cef
C rebase/10,23,2490,2462,28,135.96,149.38,192.92,0,e6c504b3a1eddb93
C rebase/10,24,2508,2480,28,146.71,160.35,204.52,0,1709f025e6da0654
C rebase/10,25,2526,2498,28,143.16,156.8,200.93,0,6bd2eddc8e8f466d
C rebase/10,26,2544,2516,28,135.42,148.89,192.53,0,8c94227a626cd7f1
C rebase/10,27,,,,,,3.17,0,0cb1ccb9e92b2797
C rebase/10,28,,,,,,2.52,0,902556e755b4e595
C rebase/10,29,,,,,,2.07,0,de5b74b722e6bdd5
C rebase/10,30,,,,,,2.38,1,1b45266ab9c188d3
C rebase/10,31,,,,,,1.82,0,b3d016e7cc7998c0
C rebase/10,32,,,,,,1.99,0,c9cab98251c013a9
C rebase/10,33,,,,,,1.83,0,008b4fdfa3b00b50
C rebase/10,34,,,,,,1.8,0,6ab9c8d0c7675eb2
C rebase/10,35,,,,,,1.81,0,6e0bb6a0ca9ea2e3
C rebase/10,36,,,,,,1.9,0,e0462d75b805b06b
C rebase/10,37,,,,,,1.87,0,cf10f34500b990da
C rebase/10,38,,,,,,1.82,0,df3b3945c2a239f2
C rebase/10,39,,,,,,2.13,0,c233e49623e7d782
C rebase/10,40,,,,,,1.79,1,e5221e0ba03eb0ec
C rebase/10,41,,,,,,1.78,0,41bee671093c4cdc
C rebase/10,42,,,,,,1.77,0,564a514eb7b9b11a
C rebase/10,43,,,,,,1.97,0,623d143f07e10fc1
C rebase/10,44,,,,,,2.0,0,951fae24d030b0fb
C rebase/10,45,,,,,,1.87,0,8991ffd826bf9448
C rebase/10,46,,,,,,1.82,0,2e4113df06adff3c
C rebase/10,47,,,,,,1.81,0,0fd83775fb83fbfa
C rebase/10,48,,,,,,1.8,0,fa472b33ba2a2ff3
C rebase/10,49,,,,,,1.91,0,4c19b19a3c8e4b65
C rebase/10,50,,,,,,1.89,1,0898e6464cb8f099
C rebase/25,1,2094,2084,10,56.82,71.38,117.21,0,3ca1c5354eb5bc6a
C rebase/25,2,2112,2084,28,126.6,140.14,183.81,0,bb9e6e46708f447f
C rebase/25,3,2130,2102,28,123.37,138.22,185.82,0,d62468582b4660ad
C rebase/25,4,2148,2120,28,124.05,137.34,180.27,0,b3f661ce875dff79
C rebase/25,5,2166,2138,28,124.56,137.55,179.67,0,bd799904ac242ad0
C rebase/25,6,2184,2156,28,125.83,140.41,187.27,0,fda6254b68c3f34d
C rebase/25,7,2202,2174,28,122.48,136.08,180.03,0,0f03a5dde1ce7ed7
C rebase/25,8,2220,2192,28,127.18,140.33,183.05,0,a4162b450cc32271
C rebase/25,9,2238,2210,28,136.72,151.08,197.29,0,78542f722a2c9fe1
C rebase/25,10,2256,2228,28,130.51,144.4,189.21,0,bb42ab0d040ea6c7
C rebase/25,11,2274,2246,28,127.06,140.34,183.42,0,2389e7e0a5e71544
C rebase/25,12,2292,2264,28,133.97,147.85,192.71,0,b41c1bf51da07ca2
C rebase/25,13,2310,2282,28,126.52,140.65,186.26,0,2dd1e09eaa12ab16
C rebase/25,14,2328,2300,28,131.75,145.21,188.77,0,6e6a8810eb1db8a1
C rebase/25,15,2346,2318,28,133.95,148.88,196.99,0,8ed461298d3b7b86
C rebase/25,16,2364,2336,28,140.9,155.2,201.25,0,b4eed09180a68082
C rebase/25,17,2382,2354,28,130.64,144.29,188.54,0,90624bb04b821f95
C rebase/25,18,2400,2372,28,135.2,149.69,196.39,0,6060d0ac50d9fac3
C rebase/25,19,2418,2390,28,131.31,148.34,202.69,0,42dcdb86f0ec5527
C rebase/25,20,2436,2408,28,138.24,152.59,198.84,0,7d8bc6925a3bc1c5
C rebase/25,21,2454,2426,28,140.18,154.07,198.97,0,872ed1557e3a1f01
C rebase/25,22,2472,2444,28,142.14,155.99,200.77,0,955664455b819cef
C rebase/25,23,2490,2462,28,143.88,157.47,201.65,0,e6c504b3a1eddb93
C rebase/25,24,2508,2480,28,140.81,154.36,198.3,0,1709f025e6da0654
C rebase/25,25,2526,2516,10,69.01,83.57,130.49,1,6bd2eddc8e8f466d
C rebase/25,26,2544,2516,28,158.36,174.06,224.37,0,8c94227a626cd7f1
C rebase/25,27,,,,,,3.34,0,0cb1ccb9e92b2797
C rebase/25,28,,,,,,2.06,0,902556e755b4e595
C rebase/25,29,,,,,,1.88,0,de5b74b722e6bdd5
C rebase/25,30,,,,,,1.79,0,1b45266ab9c188d3
C rebase/25,31,,,,,,1.75,0,b3d016e7cc7998c0
C rebase/25,32,,,,,,1.71,0,c9cab98251c013a9
C rebase/25,33,,,,,,1.71,0,008b4fdfa3b00b50
C rebase/25,34,,,,,,1.71,0,6ab9c8d0c7675eb2
C rebase/25,35,,,,,,3.21,0,6e0bb6a0ca9ea2e3
C rebase/25,36,,,,,,2.57,0,e0462d75b805b06b
C rebase/25,37,,,,,,2.96,0,cf10f34500b990da
C rebase/25,38,,,,,,2.89,0,df3b3945c2a239f2
C rebase/25,39,,,,,,2.2,0,c233e49623e7d782
C rebase/25,40,,,,,,2.69,0,e5221e0ba03eb0ec
C rebase/25,41,,,,,,1.91,0,41bee671093c4cdc
C rebase/25,42,,,,,,1.79,0,564a514eb7b9b11a
C rebase/25,43,,,,,,2.62,0,623d143f07e10fc1
C rebase/25,44,,,,,,2.68,0,951fae24d030b0fb
C rebase/25,45,,,,,,1.81,0,8991ffd826bf9448
C rebase/25,46,,,,,,1.8,0,2e4113df06adff3c
C rebase/25,47,,,,,,2.68,0,0fd83775fb83fbfa
C rebase/25,48,,,,,,2.01,0,fa472b33ba2a2ff3
C rebase/25,49,,,,,,1.85,0,4c19b19a3c8e4b65
C rebase/25,50,,,,,,1.81,1,0898e6464cb8f099
