wall_ns,acquisitions,immediate,waited,wait_ns,hold_ns,wait_max_ns,hold_max_ns,waiters_now,waiters_max
1788210623227177802,32,32,0,0,537766743,0,170221111,0,0
1788210623816601549,64,64,0,0,868227814,0,170221111,0,0
1788210624417305273,96,96,0,0,1203026441,0,170221111,0,0
1788210625043432372,128,128,0,0,1534685569,0,170221111,0,0
1788210626223043253,160,160,0,0,1827537616,0,170221111,0,0
1788210626708010726,192,192,0,0,2050279629,0,170221111,0,0
1788210627218668878,224,224,0,0,2262531172,0,170221111,0,0
1788210627706500905,256,256,0,0,2487443557,0,170221111,0,0
1788210628218948995,288,288,0,0,2722535998,0,170221111,0,0
1788210629302124772,320,320,0,0,2935990238,0,170221111,0,0
1788210629812091098,352,352,0,0,3154557490,0,170221111,0,0
1788210630293884932,384,384,0,0,3377052263,0,170221111,0,0
1788210630794557404,416,416,0,0,3589499939,0,170221111,0,0
1788210631903271551,448,448,0,0,3817930549,0,170221111,0,0
1788210632398439164,480,480,0,0,4046117600,0,170221111,0,0
1788210632887112710,512,512,0,0,4269999723,0,170221111,0,0
1788210633396181698,544,544,0,0,4487733359,0,170221111,0,0
1788210633899767530,576,576,0,0,4720558050,0,170221111,0,0
1788210657201711261,608,608,0,0,5121407261,0,170221111,0,0
1788210657702945534,640,640,0,0,5333139266,0,170221111,0,0
1788210658182161345,672,672,0,0,5557162138,0,170221111,0,0
1788210658662813190,704,704,0,0,5775030830,0,170221111,0,0
1788210674123444374,736,736,0,0,6131880717,0,170221111,0,0
1788210674720411095,768,768,0,0,6384752178,0,170221111,0,0
1788210675207784764,800,800,0,0,6608027395,0,170221111,0,0
1788210675714174200,832,832,0,0,6820156757,0,170221111,0,0
1788210676207561033,864,864,0,0,7047627224,0,170221111,0,0
1788210678399589909,896,896,0,0,7259427380,0,170221111,0,0
1788210678890440031,928,928,0,0,7477182699,0,170221111,0,0
1788210679415010459,960,960,0,0,7700958387,0,170221111,0,0
1788210679908220596,992,992,0,0,7925141184,0,170221111,0,0
1788210680420156502,1024,1024,0,0,8138142931,0,170221111,0,0
1788210682087583599,1056,1056,0,0,8351257735,0,170221111,0,0
1788210682571014441,1088,1088,0,0,8573495710,0,170221111,0,0
1788210683046779068,1120,1120,0,0,8789399329,0,170221111,0,0
1788210683551772639,1152,1152,0,0,9006486000,0,170221111,0,0
1788210713084053425,1184,1184,0,0,9387480819,0,170221111,0,0
1788210713610800568,1216,1216,0,0,9630656469,0,170221111,0,0
1788210714126778336,1248,1248,0,0,9848502552,0,170221111,0,0
1788210714608903298,1280,1280,0,0,10073360641,0,170221111,0,0
1788210715092244875,1312,1312,0,0,10292734100,0,170221111,0,0
1788210716196297586,1344,1344,0,0,10517536185,0,170221111,0,0
1788210716712392353,1376,1376,0,0,10738291592,0,170221111,0,0
1788210717237763600,1408,1408,0,0,10986876701,0,170221111,0,0
1788210717766408994,1440,1440,0,0,11209675253,0,170221111,0,0
1788210718865953630,1472,1472,0,0,11432771449,0,170221111,0,0
1788210719375668373,1504,1504,0,0,11666968662,0,170221111,0,0
1788210719854434052,1536,1536,0,0,11884799661,0,170221111,0,0
1788210720362722360,1568,1568,0,0,12103245719,0,170221111,0,0
1788210720872250587,1600,1600,0,0,12337840138,0,170221111,0,0
1788210721983809560,1632,1632,0,0,12562878248,0,170221111,0,0
1788210722492686862,1664,1664,0,0,12774794467,0,170221111,0,0
1788210722990805639,1696,1696,0,0,13010205269,0,170221111,0,0
1788210723501834638,1728,1728,0,0,13239594608,0,170221111,0,0
1788210724029907850,1760,1760,0,0,13468633638,0,170221111,0,0
1788210725124994710,1792,1792,0,0,13683411634,0,170221111,0,0
1788210725627743030,1824,1824,0,0,13917419724,0,170221111,0,0
1788210726128392206,1856,1856,0,0,14129791335,0,170221111,0,0
1788210726629800370,1888,1888,0,0,14364344434,0,170221111,0,0
1788210727728356640,1920,1920,0,0,14586700319,0,170221111,0,0
1788210728209885454,1952,1952,0,0,14804690577,0,170221111,0,0
1788210728723046962,1984,1984,0,0,15023566987,0,170221111,0,0
1788210729211734866,2016,2016,0,0,15247625488,0,170221111,0,0
1788210729747729052,2048,2048,0,0,15482512023,0,170221111,0,0
1788210730838031065,2080,2080,0,0,15700088813,0,170221111,0,0
1788210731326719180,2112,2112,0,0,15924093456,0,170221111,0,0
1788210731810722904,2144,2144,0,0,16142327229,0,170221111,0,0
1788210732322944290,2176,2176,0,0,16361195608,0,170221111,0,0
1788210733407730653,2208,2208,0,0,16577305661,0,170221111,0,0
1788210733894606446,2240,2240,0,0,16800785309,0,170221111,0,0
1788210734399456154,2272,2272,0,0,17017313350,0,170221111,0,0
1788210734883539525,2304,2304,0,0,17244520543,0,170221111,0,0
1788210735367368898,2336,2336,0,0,17463327347,0,170221111,0,0
1788210736480713089,2368,2368,0,0,17683642528,0,170221111,0,0
1788210736989068628,2400,2400,0,0,17902680086,0,170221111,0,0
1788210737474253978,2432,2432,0,0,18127132001,0,170221111,0,0
1788210737994061230,2464,2464,0,0,18350998246,0,170221111,0,0
1788210738487815765,2496,2496,0,0,18578405450,0,170221111,0,0
1788210739578460990,2528,2528,0,0,18793909032,0,170221111,0,0
1788210740066097494,2560,2560,0,0,19018947853,0,170221111,0,0
1788210740607640655,2592,2592,0,0,19251672584,0,170221111,0,0
1788210741111791814,2624,2624,0,0,19479484683,0,170221111,0,0
1788210742202284220,2656,2656,0,0,19691655181,0,170221111,0,0
1788210742708577468,2688,2688,0,0,19903505575,0,170221111,0,0
1788210743194468090,2720,2720,0,0,20128039998,0,170221111,0,0
1788210743680421706,2752,2752,0,0,20349293744,0,170221111,0,0
1788210744215483935,2784,2784,0,0,20579580422,0,170221111,0,0
1788210745291337852,2816,2816,0,0,20793200864,0,170221111,0,0
1788210745777935971,2848,2848,0,0,21017779789,0,170221111,0,0
1788210746284654111,2880,2880,0,0,21230991543,0,170221111,0,0
1788210746763696503,2912,2912,0,0,21454360792,0,170221111,0,0
1788210747864207453,2944,2944,0,0,21673355741,0,170221111,0,0
1788210748359204652,2976,2976,0,0,21900436794,0,170221111,0,0
1788210748871901099,3008,3008,0,0,22122143754,0,170221111,0,0
1788210749356970883,3040,3040,0,0,22345252604,0,170221111,0,0
1788210749861977930,3072,3072,0,0,22558254716,0,170221111,0,0
1788210750962051984,3104,3104,0,0,22780229977,0,170221111,0,0
1788210751451771400,3136,3136,0,0,23005395249,0,170221111,0,0
1788210751937777889,3168,3168,0,0,23224393374,0,170221111,0,0
1788210752476818896,3200,3200,0,0,23453524358,0,170221111,0,0
1788210752964158719,3232,3232,0,0,23676475779,0,170221111,0,0
1788210754073084821,3264,3264,0,0,23892470718,0,170221111,0,0
1788210754587267480,3296,3296,0,0,24110768220,0,170221111,0,0
1788210755082324147,3328,3328,0,0,24342250552,0,170221111,0,0
1788210755589574319,3360,3360,0,0,24575453224,0,170221111,0,0
1788210756693418242,3392,3392,0,0,24789828332,0,170221111,0,0
1788210757210102173,3424,3424,0,0,25011757361,0,170221111,0,0
1788210757696663510,3456,3456,0,0,25236182598,0,170221111,0,0
1788210758198977198,3488,3488,0,0,25449313334,0,170221111,0,0
1788210758691943758,3520,3520,0,0,25673483903,0,170221111,0,0
1788210759787984648,3552,3552,0,0,25889435779,0,170221111,0,0
1788210760284484352,3584,3584,0,0,26114573458,0,170221111,0,0
1788210760794249123,3616,3616,0,0,26333083105,0,170221111,0,0
1788210761288840748,3648,3648,0,0,26557552224,0,170221111,0,0
1788210762379320950,3680,3680,0,0,26776217482,0,170221111,0,0
1788210762899450043,3712,3712,0,0,27001959391,0,170221111,0,0
1788210763387051268,3744,3744,0,0,27229058542,0,170221111,0,0
1788210763882630268,3776,3776,0,0,27457210476,0,170221111,0,0
1788210764391396131,3808,3808,0,0,27676337030,0,170221111,0,0
1788210765495650929,3840,3840,0,0,27901450995,0,170221111,0,0
1788210765990742874,3872,3872,0,0,28131429813,0,170221111,0,0
1788210766497323354,3904,3904,0,0,28343127783,0,170221111,0,0
1788210766982232473,3936,3936,0,0,28570237827,0,170221111,0,0
1788210767460785826,3968,3968,0,0,28787925987,0,170221111,0,0
1788210768570740274,4000,4000,0,0,29010576004,0,170221111,0,0
1788210769094900687,4032,4032,0,0,29240433020,0,170221111,0,0
1788210769587767281,4064,4064,0,0,29463452245,0,170221111,0,0
1788210770095213599,4096,4096,0,0,29676743593,0,170221111,0,0
1788210771176739973,4128,4128,0,0,29889785875,0,170221111,0,0
1788210771656589456,4160,4160,0,0,30113654437,0,170221111,0,0
1788210772143010247,4192,4192,0,0,30333122125,0,170221111,0,0
1788210772659526249,4224,4224,0,0,30557849356,0,170221111,0,0
1788210773152999442,4256,4256,0,0,30785406134,0,170221111,0,0
1788210774257762546,4288,4288,0,0,31009096204,0,170221111,0,0
1788210774766064380,4320,4320,0,0,31222677382,0,170221111,0,0
1788210775270451131,4352,4352,0,0,31459504061,0,170221111,0,0
1788210775763013308,4384,4384,0,0,31684224390,0,170221111,0,0
1788210776879235550,4416,4416,0,0,31915219697,0,170221111,0,0
1788210777394391166,4448,4448,0,0,32133888565,0,170221111,0,0
1788210777886022710,4480,4480,0,0,32359101566,0,170221111,0,0
1788210778410530334,4512,4512,0,0,32578748380,0,170221111,0,0
1788210778894088896,4544,4544,0,0,32803691073,0,170221111,0,0
1788210779985065140,4576,4576,0,0,33019621283,0,170221111,0,0
1788210780463685634,4608,4608,0,0,33237028619,0,170221111,0,0
1788210780983431216,4640,4640,0,0,33461746217,0,170221111,0,0
1788210781470604181,4672,4672,0,0,33684683589,0,170221111,0,0
1788210781973799998,4704,4704,0,0,33896922339,0,170221111,0,0
1788210783066331901,4736,4736,0,0,34115679621,0,170221111,0,0
1788210783558227793,4768,4768,0,0,34344003246,0,170221111,0,0
1788210784051643363,4800,4800,0,0,34572262053,0,170221111,0,0
1788210784581190634,4832,4832,0,0,34798876454,0,170221111,0,0
1788210785692001851,4864,4864,0,0,35014818139,0,170221111,0,0
1788210786185085049,4896,4896,0,0,35239216823,0,170221111,0,0
1788210786686059162,4928,4928,0,0,35451511301,0,170221111,0,0
1788210787172586412,4960,4960,0,0,35676433906,0,170221111,0,0
1788210787663974518,4992,4992,0,0,35901749278,0,170221111,0,0
1788210788875764825,5024,5024,0,0,36121387115,0,170221111,0,0
1788210789384770689,5056,5056,0,0,36340950677,0,170221111,0,0
1788210789883059048,5088,5088,0,0,36570936186,0,170221111,0,0
1788210790401720265,5120,5120,0,0,36789431412,0,170221111,0,0
1788210791506110147,5152,5152,0,0,37021112603,0,170221111,0,0
1788210791994557280,5184,5184,0,0,37244772824,0,170221111,0,0
1788210792473452342,5216,5216,0,0,37462585137,0,170221111,0,0
1788210792981287071,5248,5248,0,0,37680713767,0,170221111,0,0
1788210793465954546,5280,5280,0,0,37904008472,0,170221111,0,0
1788210794569934455,5312,5312,0,0,38125514561,0,170221111,0,0
1788210795093875388,5344,5344,0,0,38344310899,0,170221111,0,0
1788210795580678279,5376,5376,0,0,38569933897,0,170221111,0,0
1788210796070682332,5408,5408,0,0,38793624320,0,170221111,0,0
1788210796627532963,5440,5440,0,0,39008486195,0,170221111,0,0
1788210797156633358,5472,5472,0,0,39239493885,0,170221111,0,0
1788210797643827866,5504,5504,0,0,39464626618,0,170221111,0,0
1788210798147386644,5536,5536,0,0,39678368928,0,170221111,0,0
1788210798640426809,5568,5568,0,0,39905887270,0,170221111,0,0
1788210800274603621,5600,5600,0,0,40118990343,0,170221111,0,0
1788210800757799473,5632,5632,0,0,40339183167,0,170221111,0,0
1788210801320486742,5664,5664,0,0,40590881056,0,170221111,0,0
1788210801805318830,5696,5696,0,0,40814699012,0,170221111,0,0
1788210802318509675,5728,5728,0,0,41034313895,0,170221111,0,0
1788210803003179376,5760,5760,0,0,41241119935,0,170221111,0,0
1788210803465729466,5792,5792,0,0,41445176054,0,170221111,0,0
1788210803935671682,5824,5824,0,0,41650910756,0,170221111,0,0
1788210804422320320,5856,5856,0,0,41849076158,0,170221111,0,0
1788210806020249134,5888,5888,0,0,42050213052,0,170221111,0,0
1788210806510258098,5920,5920,0,0,42273348421,0,170221111,0,0
1788210807016184957,5952,5952,0,0,42486568549,0,170221111,0,0
1788210807502829267,5984,5984,0,0,42713277616,0,170221111,0,0
1788210807989576167,6016,6016,0,0,42930776413,0,170221111,0,0
1788210808554725912,6048,6048,0,0,43158462541,0,170221111,0,0
1788210809069812223,6080,6080,0,0,43377097592,0,170221111,0,0
1788210809566439767,6112,6112,0,0,43603900578,0,170221111,0,0
1788210810094045684,6144,6144,0,0,43825652098,0,170221111,0,0
1788210811702577918,6176,6176,0,0,44039705845,0,170221111,0,0
1788210812202515590,6208,6208,0,0,44277339491,0,170221111,0,0
1788210812708990985,6240,6240,0,0,44512068607,0,170221111,0,0
1788210813226411530,6272,6272,0,0,44734833914,0,170221111,0,0
1788210813715704189,6304,6304,0,0,44958666510,0,170221111,0,0
1788210814292642297,6336,6336,0,0,45194160611,0,170221111,0,0
1788210814795427219,6368,6368,0,0,45407679456,0,170221111,0,0
1788210815309812145,6400,6400,0,0,45649564475,0,170221111,0,0
1788210815807274115,6432,6432,0,0,45872093960,0,170221111,0,0
1788210816332860063,6464,6464,0,0,46093948836,0,170221111,0,0
1788210817949930320,6496,6496,0,0,46309293562,0,170221111,0,0
1788210818436156019,6528,6528,0,0,46533798586,0,170221111,0,0
1788210818940819773,6560,6560,0,0,46747731865,0,170221111,0,0
1788210819425492920,6592,6592,0,0,46973796508,0,170221111,0,0
1788210819987808831,6624,6624,0,0,47190978300,0,170221111,0,0
1788210820488405715,6656,6656,0,0,47412429964,0,170221111,0,0
1788210821006320859,6688,6688,0,0,47635404700,0,170221111,0,0
1788210821494965318,6720,6720,0,0,47860613255,0,170221111,0,0
1788210822000686535,6752,6752,0,0,48074851520,0,170221111,0,0
1788210823606191827,6784,6784,0,0,48285075820,0,170221111,0,0
1788210824092563192,6816,6816,0,0,48511199869,0,170221111,0,0
1788210824574332387,6848,6848,0,0,48730858518,0,170221111,0,0
1788210825084784194,6880,6880,0,0,48951197830,0,170221111,0,0
1788210825638816802,6912,6912,0,0,49170390183,0,170221111,0,0
1788210826167401627,6944,6944,0,0,49423909107,0,170221111,0,0
1788210826694188318,6976,6976,0,0,49643486142,0,170221111,0,0
1788210827187817496,7008,7008,0,0,49869937665,0,170221111,0,0
1788210827673471996,7040,7040,0,0,50089978390,0,170221111,0,0
1788210829298375084,7072,7072,0,0,50308755144,0,170221111,0,0
1788210829810440073,7104,7104,0,0,50529213503,0,170221111,0,0
1788210830299464828,7136,7136,0,0,50754989684,0,170221111,0,0
1788210830807185994,7168,7168,0,0,50969504439,0,170221111,0,0
1788210831314992537,7200,7200,0,0,51207759181,0,170221111,0,0
1788210831888918572,7232,7232,0,0,51435444548,0,170221111,0,0
1788210832382300426,7264,7264,0,0,51661597999,0,170221111,0,0
1788210832895849263,7296,7296,0,0,51882026124,0,170221111,0,0
1788210833383477862,7328,7328,0,0,52107381743,0,170221111,0,0
1788210835005849318,7360,7360,0,0,52319300215,0,170221111,0,0
1788210835511279455,7392,7392,0,0,52532124999,0,170221111,0,0
1788210835998137833,7424,7424,0,0,52757829727,0,170221111,0,0
1788210836497880924,7456,7456,0,0,52986783149,0,170221111,0,0
1788210837011606888,7488,7488,0,0,53206747528,0,170221111,0,0
1788210837593061017,7520,7520,0,0,53442350343,0,170221111,0,0
1788210838078366513,7552,7552,0,0,53666767216,0,170221111,0,0
1788210838584484046,7584,7584,0,0,53880059493,0,170221111,0,0
1788210839068430237,7616,7616,0,0,54105232247,0,170221111,0,0
1788210840695111160,7648,7648,0,0,54319580510,0,170221111,0,0
1788210841183754517,7680,7680,0,0,54544872241,0,170221111,0,0
1788210841694529668,7712,7712,0,0,54764720903,0,170221111,0,0
1788210842197839308,7744,7744,0,0,54997661371,0,170221111,0,0
1788210842709839771,7776,7776,0,0,55212668375,0,170221111,0,0
1788210843271168468,7808,7808,0,0,55437127743,0,170221111,0,0
1788210843752583218,7840,7840,0,0,55662693019,0,170221111,0,0
1788210844231984463,7872,7872,0,0,55880489837,0,170221111,0,0
1788210844745090602,7904,7904,0,0,56099185953,0,170221111,0,0
1788210845241466524,7936,7936,0,0,56323773849,0,170221111,0,0
1788210846857110786,7968,7968,0,0,56536097442,0,170221111,0,0
1788210847362460204,8000,8000,0,0,56750410786,0,170221111,0,0
1788210847868750406,8032,8032,0,0,56990454547,0,170221111,0,0
1788210848375504176,8064,8064,0,0,57223706318,0,170221111,0,0
1788210848962093859,8096,8096,0,0,57461087790,0,170221111,0,0
1788210849486734695,8128,8128,0,0,57685306062,0,170221111,0,0
1788210849979194742,8160,8160,0,0,57914274698,0,170221111,0,0
1788210850493590749,8192,8192,0,0,58133503202,0,170221111,0,0
1788210850977222034,8224,8224,0,0,58359794932,0,170221111,0,0
1788210852608113828,8256,8256,0,0,58590452435,0,170221111,0,0
1788210853088476296,8288,8288,0,0,58808635081,0,170221111,0,0
1788210853596606354,8320,8320,0,0,59027332827,0,170221111,0,0
1788210854092427398,8352,8352,0,0,59257657218,0,170221111,0,0
1788210854656340369,8384,8384,0,0,59481423660,0,170221111,0,0
1788210855166980586,8416,8416,0,0,59695552163,0,170221111,0,0
1788210855668444218,8448,8448,0,0,59924944971,0,170221111,0,0
1788210856153172312,8480,8480,0,0,60146611455,0,170221111,0,0
1788210856669292128,8512,8512,0,0,60367618798,0,170221111,0,0
1788210858322751261,8544,8544,0,0,60583985515,0,170221111,0,0
1788210858810600051,8576,8576,0,0,60809141270,0,170221111,0,0
1788210859330039212,8608,8608,0,0,61030731065,0,170221111,0,0
1788210859814052625,8640,8640,0,0,61256926274,0,170221111,0,0
1788210860314712362,8672,8672,0,0,61480911899,0,170221111,0,0
1788210860868784517,8704,8704,0,0,61702175393,0,170221111,0,0
1788210861398489638,8736,8736,0,0,61934773979,0,170221111,0,0
1788210861897733249,8768,8768,0,0,62164507400,0,170221111,0,0
1788210862417378725,8800,8800,0,0,62378227209,0,170221111,0,0
1788210864030445857,8832,8832,0,0,62590679805,0,170221111,0,0
1788210864511814367,8864,8864,0,0,62815813375,0,170221111,0,0
1788210864999522962,8896,8896,0,0,63034246433,0,170221111,0,0
1788210865507896527,8928,8928,0,0,63253246420,0,170221111,0,0
1788210865993239666,8960,8960,0,0,63477443298,0,170221111,0,0
1788210867090474827,8992,8992,0,0,63699057549,0,170221111,0,0
1788210867595043485,9024,9024,0,0,63913562639,0,170221111,0,0
1788210868091632975,9056,9056,0,0,64143717390,0,170221111,0,0
1788210868576502185,9088,9088,0,0,64363658751,0,170221111,0,0
1788210869674512014,9120,9120,0,0,64587097204,0,170221111,0,0
1788210870191919774,9152,9152,0,0,64806256545,0,170221111,0,0
1788210870697844910,9184,9184,0,0,65035389490,0,170221111,0,0
1788210871217974634,9216,9216,0,0,65250277559,0,170221111,0,0
1788210871713197967,9248,9248,0,0,65480754610,0,170221111,0,0
1788210872657664420,9280,9280,0,0,65687352730,0,170221111,0,0
1788210873112389965,9312,9312,0,0,65885455954,0,170221111,0,0
1788210873592923028,9344,9344,0,0,66084595271,0,170221111,0,0
1788210874050261072,9376,9376,0,0,66288326564,0,170221111,0,0
1788210874531032622,9408,9408,0,0,66481724308,0,170221111,0,0
1788210875094887880,9440,9440,0,0,66682979301,0,170221111,0,0
1788210875551505002,9472,9472,0,0,66886710901,0,170221111,0,0
1788210876012506196,9504,9504,0,0,67084342762,0,170221111,0,0
1788210876496682399,9536,9536,0,0,67282771232,0,170221111,0,0
1788210877275622001,9568,9568,0,0,67476633718,0,170221111,0,0
1788210877689775021,9600,9600,0,0,67646826093,0,170221111,0,0
1788210878114220593,9632,9632,0,0,67802882136,0,170221111,0,0
1788210878521990774,9664,9664,0,0,67968776938,0,170221111,0,0
1788210878924094480,9696,9696,0,0,68129091662,0,170221111,0,0
1788210880964091884,9728,9728,0,0,68331164326,0,170221111,0,0
1788210881482276005,9760,9760,0,0,68555212825,0,170221111,0,0
1788210881986087539,9792,9792,0,0,68784481218,0,170221111,0,0
1788210882496680894,9824,9824,0,0,68998356201,0,170221111,0,0
1788210883225623221,9856,9856,0,0,69223941519,0,170221111,0,0
1788210883696595196,9888,9888,0,0,69435098013,0,170221111,0,0
1788210884160035630,9920,9920,0,0,69635487257,0,170221111,0,0
1788210884649864862,9952,9952,0,0,69835947863,0,170221111,0,0
1788210885120446551,9984,9984,0,0,70041722520,0,170221111,0,0
1788210885724149453,10016,10016,0,0,70275594375,0,170221111,0,0
1788210886237865819,10048,10048,0,0,70489409357,0,170221111,0,0
1788210886743608548,10080,10080,0,0,70728605456,0,170221111,0,0
1788210887252076387,10112,10112,0,0,70959052177,0,170221111,0,0
1788210887813222376,10144,10144,0,0,71173103174,0,170221111,0,0
1788210888343109573,10176,10176,0,0,71403590175,0,170221111,0,0
1788210888835560993,10208,10208,0,0,71629215651,0,170221111,0,0
1788210889353331374,10240,10240,0,0,71848183564,0,170221111,0,0
1788210889837435475,10272,10272,0,0,72074077385,0,170221111,0,0
1788210891876730552,10304,10304,0,0,72302846877,0,170221111,0,0
1788210892365178766,10336,10336,0,0,72522288731,0,170221111,0,0
1788210892879856055,10368,10368,0,0,72742427980,0,170221111,0,0
1788210893375311222,10400,10400,0,0,72970991418,0,170221111,0,0
1788210893882064361,10432,10432,0,0,73185217571,0,170221111,0,0
1788210894485427878,10464,10464,0,0,73415436376,0,170221111,0,0
1788210894971137516,10496,10496,0,0,73640882587,0,170221111,0,0
1788210895455684194,10528,10528,0,0,73859966422,0,170221111,0,0
1788210895981788708,10560,10560,0,0,74080221251,0,170221111,0,0
1788210896578224969,10592,10592,0,0,74318971435,0,170221111,0,0
1788210897082956135,10624,10624,0,0,74547284231,0,170221111,0,0
1788210897608811511,10656,10656,0,0,74765931338,0,170221111,0,0
1788210898109393675,10688,10688,0,0,74998627430,0,170221111,0,0
1788210898595237536,10720,10720,0,0,75218211671,0,170221111,0,0
1788210899194871934,10752,10752,0,0,75454888834,0,170221111,0,0
1788210899715062318,10784,10784,0,0,75679511567,0,170221111,0,0
1788210900202583205,10816,10816,0,0,75905327160,0,170221111,0,0
1788210900714420618,10848,10848,0,0,76120237871,0,170221111,0,0
1788210902732870934,10880,10880,0,0,76335484223,0,170221111,0,0
1788210903218252288,10912,10912,0,0,76559977535,0,170221111,0,0
1788210903713311529,10944,10944,0,0,76780559813,0,170221111,0,0
1788210904232402828,10976,10976,0,0,77002882653,0,170221111,0,0
1788210904724536796,11008,11008,0,0,77228886977,0,170221111,0,0
1788210905325122579,11040,11040,0,0,77462829689,0,170221111,0,0
1788210905835917289,11072,11072,0,0,77677375066,0,170221111,0,0
1788210906324470159,11104,11104,0,0,77903744599,0,170221111,0,0
1788210906843488315,11136,11136,0,0,78146199644,0,170221111,0,0
1788210907364612288,11168,11168,0,0,78365846565,0,170221111,0,0
1788210907937405793,11200,11200,0,0,78589676095,0,170221111,0,0
1788210908432697911,11232,11232,0,0,78815068496,0,170221111,0,0
1788210908940728773,11264,11264,0,0,79029320520,0,170221111,0,0
1788210909441836899,11296,11296,0,0,79261443603,0,170221111,0,0
1788210910016559866,11328,11328,0,0,79476312513,0,170221111,0,0
1788210910499747191,11360,11360,0,0,79696112531,0,170221111,0,0
1788210911020055214,11392,11392,0,0,79916925707,0,170221111,0,0
1788210911526967004,11424,11424,0,0,80153545825,0,170221111,0,0
1788210912034713700,11456,11456,0,0,80368439932,0,170221111,0,0
1788210914127723187,11488,11488,0,0,80581569143,0,170221111,0,0
1788210914616838088,11520,11520,0,0,80813142334,0,170221111,0,0
1788210915101380479,11552,11552,0,0,81032965144,0,170221111,0,0
1788210915612379258,11584,11584,0,0,81253239578,0,170221111,0,0
1788210916185161030,11616,11616,0,0,81468801039,0,170221111,0,0
1788210916673322573,11648,11648,0,0,81692590331,0,170221111,0,0
1788210917181335131,11680,11680,0,0,81905092428,0,170221111,0,0
1788210917665011353,11712,11712,0,0,82129251966,0,170221111,0,0
1788210918148330376,11744,11744,0,0,82346964389,0,170221111,0,0
1788210918716216994,11776,11776,0,0,82561914367,0,170221111,0,0
1788210919239552211,11808,11808,0,0,82784656930,0,170221111,0,0
1788210919733563128,11840,11840,0,0,83010507111,0,170221111,0,0
1788210920259376912,11872,11872,0,0,83235056142,0,170221111,0,0
1788210920743566550,11904,11904,0,0,83460152727,0,170221111,0,0
1788210921323376697,11936,11936,0,0,83675751829,0,170221111,0,0
1788210921810802278,11968,11968,0,0,83897352798,0,170221111,0,0
1788210922323305626,12000,12000,0,0,84117980555,0,170221111,0,0
1788210922815638284,12032,12032,0,0,84344342448,0,170221111,0,0
1788210924915523646,12064,12064,0,0,84557157573,0,170221111,0,0
1788210925429676196,12096,12096,0,0,84770432771,0,170221111,0,0
1788210925927737501,12128,12128,0,0,85005402572,0,170221111,0,0
1788210926410068867,12160,12160,0,0,85223944341,0,170221111,0,0
1788210926918768932,12192,12192,0,0,85442905542,0,170221111,0,0
1788210927496853497,12224,12224,0,0,85658253719,0,170221111,0,0
1788210927992759778,12256,12256,0,0,85884874882,0,170221111,0,0
1788210928504930274,12288,12288,0,0,86098174455,0,170221111,0,0
1788210928989386245,12320,12320,0,0,86322317713,0,170221111,0,0
1788210929567553932,12352,12352,0,0,86545121919,0,170221111,0,0
1788210930059964472,12384,12384,0,0,86764788300,0,170221111,0,0
1788210930577217790,12416,12416,0,0,86986943789,0,170221111,0,0
1788210931068375885,12448,12448,0,0,87213113726,0,170221111,0,0
1788210931576737607,12480,12480,0,0,87426029290,0,170221111,0,0
1788210932152685063,12512,12512,0,0,87645453120,0,170221111,0,0
1788210932636739287,12544,12544,0,0,87871675332,0,170221111,0,0
1788210933137606701,12576,12576,0,0,88096266408,0,170221111,0,0
1788210933657607482,12608,12608,0,0,88319050433,0,170221111,0,0
1788210934143576388,12640,12640,0,0,88543380286,0,170221111,0,0
1788210936655747301,12672,12672,0,0,88762825576,0,170221111,0,0
1788210937163390654,12704,12704,0,0,88977379988,0,170221111,0,0
1788210937649046196,12736,12736,0,0,89203836536,0,170221111,0,0
1788210938134037336,12768,12768,0,0,89424098123,0,170221111,0,0
1788210939264076385,12800,12800,0,0,89646643978,0,170221111,0,0
1788210939776034495,12832,12832,0,0,89867479533,0,170221111,0,0
1788210940271242528,12864,12864,0,0,90099509425,0,170221111,0,0
1788210940778998612,12896,12896,0,0,90314260164,0,170221111,0,0
1788210941263531624,12928,12928,0,0,90541141854,0,170221111,0,0
1788210942616237949,12960,12960,0,0,90757900776,0,170221111,0,0
1788210943079901611,12992,12992,0,0,90957099138,0,170221111,0,0
1788210943565190433,13024,13024,0,0,91156844022,0,170221111,0,0
1788210944027537986,13056,13056,0,0,91361497526,0,170221111,0,0
1788210945026563865,13088,13088,0,0,91569079365,0,170221111,0,0
1788210945497381257,13120,13120,0,0,91750890363,0,170221111,0,0
1788210945902740653,13152,13152,0,0,91914764206,0,170221111,0,0
1788210946303212501,13184,13184,0,0,92073924249,0,170221111,0,0
1788210946737820580,13216,13216,0,0,92234476814,0,170221111,0,0
1788210947901611026,13248,13248,0,0,92386127320,0,170221111,0,0
1788210948245095319,13280,13280,0,0,92509872369,0,170221111,0,0
1788210948603753550,13312,13312,0,0,92626399317,0,170221111,0,0
1788210948941156245,13344,13344,0,0,92749802932,0,170221111,0,0
1788210949301617209,13376,13376,0,0,92877842687,0,170221111,0,0
1788210950616158518,13408,13408,0,0,92984391071,0,170221111,0,0
1788210950947278109,13440,13440,0,0,93093798099,0,170221111,0,0
1788210951258448042,13472,13472,0,0,93206200854,0,170221111,0,0
1788210951587279338,13504,13504,0,0,93312468209,0,170221111,0,0
1788210953145336521,13536,13536,0,0,93416740575,0,170221111,0,0
1788210953430105344,13568,13568,0,0,93527160878,0,170221111,0,0
1788210953714982428,13600,13600,0,0,93634839906,0,170221111,0,0
1788210954035537554,13632,13632,0,0,93743086029,0,170221111,0,0
1788210954337973321,13664,13664,0,0,93852695039,0,170221111,0,0
1788210954647373686,13696,13696,0,0,93956539493,0,170221111,0,0
1788210954867764409,13728,13728,0,0,94060320168,0,170221111,0,0
1788210955088113812,13760,13760,0,0,94170098775,0,170221111,0,0
1788210955296331739,13792,13792,0,0,94276889343,0,170221111,0,0
1788210957214889464,13824,13824,0,0,94380168013,0,170221111,0,0
1788210957473256875,13856,13856,0,0,94488404499,0,170221111,0,0
1788210957710130121,13888,13888,0,0,94600399941,0,170221111,0,0
1788210957963945691,13920,13920,0,0,94707338120,0,170221111,0,0
1788210958201935154,13952,13952,0,0,94820190448,0,170221111,0,0
1788210959931685142,13984,13984,0,0,94926949748,0,170221111,0,0
1788210960250007994,14016,14016,0,0,95037687348,0,170221111,0,0
1788210960597349386,14048,14048,0,0,95148736672,0,170221111,0,0
1788210960915625887,14080,14080,0,0,95264787649,0,170221111,0,0
1788210961258735777,14112,14112,0,0,95371242090,0,170221111,0,0
1788210963528408660,14144,14144,0,0,95572278483,0,170221111,0,0
1788210963988606309,14176,14176,0,0,95778950226,0,170221111,0,0
1788210964452052615,14208,14208,0,0,95978932636,0,170221111,0,0
1788210964941602669,14240,14240,0,0,96179382630,0,170221111,0,0
1788210965525944066,14272,14272,0,0,96379457247,0,170221111,0,0
1788210965993304563,14304,14304,0,0,96585584620,0,170221111,0,0
1788210966492763166,14336,14336,0,0,96784058339,0,170221111,0,0
1788210966955547685,14368,14368,0,0,96990319680,0,170221111,0,0
1788210967427160997,14400,14400,0,0,97194210454,0,170221111,0,0
1788210968049415496,14432,14432,0,0,97420694492,0,170221111,0,0
1788210968583928429,14464,14464,0,0,97646579139,0,170221111,0,0
1788210969075371293,14496,14496,0,0,97871687186,0,170221111,0,0
1788210969595472822,14528,14528,0,0,98085698939,0,170221111,0,0
1788210970214749726,14560,14560,0,0,98309427385,0,170221111,0,0
1788210970727397407,14592,14592,0,0,98554724740,0,170221111,0,0
1788210971213077056,14624,14624,0,0,98773255826,0,170221111,0,0
1788210971725337668,14656,14656,0,0,98992407679,0,170221111,0,0
1788210972214224883,14688,14688,0,0,99216834814,0,170221111,0,0
1788210972834323468,14720,14720,0,0,99441533975,0,170221111,0,0
1788210973353719454,14752,14752,0,0,99660438775,0,170221111,0,0
1788210973857710500,14784,14784,0,0,99898683434,0,170221111,0,0
1788210974364173390,14816,14816,0,0,100127234870,0,170221111,0,0
1788210974955614882,14848,14848,0,0,100342576679,0,170221111,0,0
1788210975498264411,14880,14880,0,0,100575594192,0,170221111,0,0
1788210976000648106,14912,14912,0,0,100800955386,0,170221111,0,0
1788210976511770989,14944,14944,0,0,101015147081,0,170221111,0,0
1788210977011546613,14976,14976,0,0,101242998014,0,170221111,0,0
1788210977612007381,15008,15008,0,0,101465075871,0,170221111,0,0
1788210978101410968,15040,15040,0,0,101687930194,0,170221111,0,0
1788210978618283169,15072,15072,0,0,101908218879,0,170221111,0,0
1788210979134342225,15104,15104,0,0,102144134209,0,170221111,0,0
1788210979666384326,15136,15136,0,0,102371497987,0,170221111,0,0
1788210980255195934,15168,15168,0,0,102588096870,0,170221111,0,0
1788210980754373576,15200,15200,0,0,102817115162,0,170221111,0,0
1788210981250957906,15232,15232,0,0,103044517155,0,170221111,0,0
1788210981788805574,15264,15264,0,0,103276419928,0,170221111,0,0
1788210983850183860,15296,15296,0,0,103489690678,0,170221111,0,0
1788210984363087202,15328,15328,0,0,103727881294,0,170221111,0,0
1788210984875287777,15360,15360,0,0,103943554542,0,170221111,0,0
1788210985361998587,15392,15392,0,0,104170304989,0,170221111,0,0
1788210985858060333,15424,15424,0,0,104395707792,0,170221111,0,0
1788210986488172181,15456,15456,0,0,104624549357,0,170221111,0,0
1788210987023281472,15488,15488,0,0,104852269744,0,170221111,0,0
1788210987526536556,15520,15520,0,0,105084950282,0,170221111,0,0
1788210988049874898,15552,15552,0,0,105305172145,0,170221111,0,0
1788210988668409788,15584,15584,0,0,105526570846,0,170221111,0,0
1788210989175097639,15616,15616,0,0,105766043814,0,170221111,0,0
1788210989671765092,15648,15648,0,0,105987372943,0,170221111,0,0
1788210990188416540,15680,15680,0,0,106209484066,0,170221111,0,0
1788210990706193403,15712,15712,0,0,106447317992,0,170221111,0,0
1788210991316097418,15744,15744,0,0,106667182790,0,170221111,0,0
1788210991821591108,15776,15776,0,0,106879866511,0,170221111,0,0
1788210992315416401,15808,15808,0,0,107104775509,0,170221111,0,0
1788210992802972618,15840,15840,0,0,107323013064,0,170221111,0,0
1788210993315189595,15872,15872,0,0,107541758006,0,170221111,0,0
1788210993942835991,15904,15904,0,0,107764751659,0,170221111,0,0
1788210994448154138,15936,15936,0,0,107994013621,0,170221111,0,0
1788210994966056567,15968,15968,0,0,108208252899,0,170221111,0,0
1788210995462028086,16000,16000,0,0,108436860175,0,170221111,0,0
1788210996077771926,16032,16032,0,0,108661187753,0,170221111,0,0
1788210996566146827,16064,16064,0,0,108879726137,0,170221111,0,0
1788210997091849193,16096,16096,0,0,109104982816,0,170221111,0,0
1788210997588852624,16128,16128,0,0,109330398220,0,170221111,0,0
1788210998096086505,16160,16160,0,0,109543615585,0,170221111,0,0
1788210998682240665,16192,16192,0,0,109761077457,0,170221111,0,0
1788210999183432284,16224,16224,0,0,109987160780,0,170221111,0,0
1788210999681997998,16256,16256,0,0,110212695115,0,170221111,0,0
1788211000199283859,16288,16288,0,0,110435217206,0,170221111,0,0
1788211000792804235,16320,16320,0,0,110653253463,0,170221111,0,0
1788211001303767124,16352,16352,0,0,110883115399,0,170221111,0,0
1788211001810046324,16384,16384,0,0,111096210963,0,170221111,0,0
1788211002298101538,16416,16416,0,0,111321247189,0,170221111,0,0
1788211002782382697,16448,16448,0,0,111539634598,0,170221111,0,0
1788211114876483343,16480,16480,0,0,111942528253,0,170221111,0,0
1788211115404704505,16512,16512,0,0,112166694666,0,170221111,0,0
1788211115898000420,16544,16544,0,0,112393918261,0,170221111,0,0
1788211116410411067,16576,16576,0,0,112615980799,0,170221111,0,0
1788211116894619643,16608,16608,0,0,112842404478,0,170221111,0,0
1788211118005464786,16640,16640,0,0,113068471712,0,170221111,0,0
1788211118488658613,16672,16672,0,0,113287605648,0,170221111,0,0
1788211119021214931,16704,16704,0,0,113520512751,0,170221111,0,0
1788211119532966206,16736,16736,0,0,113752631630,0,170221111,0,0
1788211120637261252,16768,16768,0,0,113971625973,0,170221111,0,0
1788211121149992848,16800,16800,0,0,114186172019,0,170221111,0,0
1788211121635094303,16832,16832,0,0,114410560045,0,170221111,0,0
1788211122124013561,16864,16864,0,0,114629992613,0,170221111,0,0
1788211122643479595,16896,16896,0,0,114849179167,0,170221111,0,0
