t_s,ctrl_rss_mib,work_rss_mib,gtt_gib,gpu_busy,degC
0,2771.1,3029.4,58.41,0,46.5
5,5066.8,3029.4,58.41,0,46.5
10,5066.6,3029.4,58.41,97,47.5
15,5066.6,3029.4,58.41,99,48.0
20,5223.2,3029.4,58.41,25,49.0
25,5223.0,2879.8,58.41,42,49.0
30,5223.0,3029.4,58.41,99,49.5
35,5223.0,3029.4,58.41,99,49.5
40,5223.8,3029.5,58.41,4,50.5
45,5223.6,3029.5,58.41,89,51.0
50,5223.6,3029.5,58.41,99,51.0
55,5224.4,3029.5,58.41,89,52.0
60,5224.4,3029.5,58.41,1,52.0
65,5224.3,3029.5,58.41,98,52.0
70,5224.3,3029.5,58.41,99,53.0
75,5225.1,3029.5,58.41,13,53.0
80,5224.9,3029.5,58.41,69,53.0
85,5224.9,3029.5,58.41,99,53.5
90,5224.9,3029.5,58.41,99,53.5
95,5225.8,3029.5,58.41,2,53.5
100,5225.6,3029.5,58.41,95,53.5
105,5225.6,3029.5,58.41,99,54.5
110,5226.4,3029.5,58.41,39,54.5
115,5226.2,2879.9,58.41,12,54.5
120,5226.2,3029.5,58.41,99,54.5
125,5226.2,3029.5,58.41,99,54.5
130,5227.1,3029.5,58.41,6,55.0
135,5226.8,3029.5,58.41,87,55.0
140,5226.8,3029.5,58.41,99,55.0
145,5226.8,3029.5,58.41,99,56.0
150,5227.7,3029.5,58.41,1,56.0
155,5227.5,3029.5,58.41,98,55.0
160,5227.5,3029.5,58.41,99,56.0
165,5228.4,3029.5,58.41,14,56.0
170,5228.1,3029.5,58.41,68,56.0
175,5228.1,3029.5,58.41,99,56.0
180,5228.1,3029.5,58.41,99,56.0
185,5229.0,3029.5,58.41,2,56.0
190,5228.8,3029.5,58.41,95,56.0
195,5228.8,3029.5,58.41,99,56.0
200,5229.7,3029.5,58.41,37,56.0
205,5229.4,3009.9,58.41,19,56.5
210,5229.4,3029.5,58.41,99,56.5
215,5229.4,3029.5,58.41,99,56.5
220,5230.3,3029.5,58.41,5,56.5
225,5230.1,3029.5,58.41,87,56.5
230,5230.1,3029.5,58.41,99,56.5
235,5230.3,3029.5,58.41,99,56.5
240,5231.0,3029.5,58.41,1,56.5
245,5230.7,3029.5,58.41,98,56.5
250,5230.7,3029.5,58.41,99,56.5
255,5231.6,3029.5,58.41,15,56.5
260,5231.4,3029.5,58.41,66,56.5
265,5231.4,3029.5,58.41,99,56.5
270,5231.4,3029.5,58.41,99,56.5
275,5231.9,3029.6,58.41,2,56.5
280,5231.7,3029.6,58.41,95,57.5
285,5231.7,3029.6,58.41,99,57.5
290,5232.0,3029.6,58.41,38,57.5
295,5231.8,2879.9,58.41,9,57.5
300,5231.8,3029.6,58.41,99,57.5
305,5231.8,3029.6,58.41,99,57.5
310,5232.0,3029.6,58.41,6,57.5
315,5231.8,3029.6,58.41,85,57.5
320,5231.8,3029.6,58.41,99,57.5
325,5231.8,3029.6,58.41,99,57.5
330,5232.1,3029.6,58.41,1,57.5
335,5231.8,3029.6,58.41,97,57.5
340,5231.8,3029.6,58.41,99,57.5
345,5232.1,3029.6,58.41,17,57.5
350,5231.9,3029.6,58.41,55,57.5
355,5231.9,3029.6,58.41,99,57.5
360,5231.9,3029.6,58.41,99,57.5
365,5232.1,3029.6,58.41,3,57.5
370,5231.9,3029.6,58.41,93,57.5
375,5231.9,3029.6,58.41,99,58.5
380,5232.2,3029.6,58.41,54,57.5
385,5232.1,3029.6,58.41,0,57.5
390,5231.9,3029.6,58.41,99,58.5
395,5231.9,3029.6,58.41,99,58.5
400,5232.1,3029.6,58.41,7,58.5
405,5232.0,3029.6,58.41,82,58.5
410,5232.0,3029.6,58.41,99,57.5
415,5232.0,3029.6,58.41,99,57.5
420,5232.2,3029.6,58.41,1,58.5
425,5232.0,3029.6,58.41,97,58.5
430,5232.0,3029.6,58.41,99,58.5
435,5232.3,3029.6,58.41,21,58.5
440,5232.1,2883.2,58.41,48,58.5
445,5232.1,3029.6,58.41,99,58.5
450,5232.1,3029.6,58.41,99,58.5
455,5232.3,3029.6,58.41,3,58.5
460,5232.1,3029.6,58.41,92,58.5
465,5232.1,3029.6,58.41,99,58.5
470,5232.4,3029.6,58.41,67,58.5
475,5232.3,3029.6,58.41,0,58.5
480,5232.1,3029.6,58.41,98,58.5
485,5232.1,3029.6,58.41,99,58.5
490,5232.4,3029.6,58.41,10,58.5
495,5232.2,3029.6,58.41,73,58.5
500,5232.2,3029.6,58.41,99,58.5
505,5232.2,3029.6,58.41,99,58.5
510,5232.4,3029.6,58.41,2,58.5
515,5232.2,3029.6,58.41,95,58.5
520,5232.2,3029.6,58.41,99,58.5
525,5232.5,3029.6,58.41,34,58.5
530,5232.3,3029.6,58.41,22,58.5
535,5232.3,3029.6,58.41,99,58.5
540,5232.3,3029.6,58.41,99,58.5
545,5232.5,3029.6,58.41,5,58.5
550,5232.3,3029.6,58.41,88,58.5
555,5232.3,3029.6,58.41,99,58.5
560,5232.4,3029.6,58.41,99,58.5
565,5232.4,3029.6,58.41,1,58.5
570,5232.3,3029.6,58.41,98,58.5
575,5232.3,3029.6,58.41,99,58.5
580,5232.5,3029.6,58.41,14,58.5
585,5232.3,3029.6,58.41,64,59.0
590,5232.3,3029.6,58.41,99,58.5
595,5232.3,3029.6,58.41,99,58.5
600,5232.5,3029.6,58.41,2,59.0
605,5232.3,3029.6,58.41,95,58.5
610,5232.3,3029.6,58.41,99,58.5
615,5232.5,3029.6,58.41,42,58.5
620,5232.3,2880.0,58.41,15,58.5
625,5232.3,3029.6,58.41,99,58.5
630,5232.3,3029.6,58.41,99,58.5
635,5232.5,3029.6,58.41,5,58.5
640,5232.3,3029.6,58.41,87,58.5
645,5232.3,3029.6,58.41,99,58.5
650,5232.3,3029.6,58.41,99,59.0
655,5232.5,3029.6,58.41,1,58.5
660,5232.3,3029.6,58.41,98,58.5
665,5232.3,3029.6,58.41,99,59.0
670,5232.5,3029.6,58.41,15,58.5
675,5232.3,3029.6,58.41,63,59.0
680,5232.3,3029.6,58.41,99,59.0
685,5232.3,3029.6,58.41,99,58.5
690,5232.5,3029.6,58.41,2,59.0
695,5232.3,3029.6,58.41,94,58.5
700,5232.3,3029.6,58.41,99,58.5
705,5232.5,3029.6,58.41,47,59.0
710,5232.4,3029.6,58.41,0,59.0
715,5232.3,3029.6,58.41,99,59.0
720,5232.3,3029.6,58.41,99,58.5
725,5232.5,3029.6,58.41,7,59.0
730,5232.3,3029.6,58.41,84,59.0
735,5232.3,3029.6,58.41,99,59.0
740,5232.3,3029.6,58.41,99,59.0
745,5232.5,3029.6,58.41,1,59.0
750,5232.3,3029.6,58.41,97,58.5
755,5232.3,3029.6,58.41,99,58.5
760,5232.5,3029.6,58.41,22,59.0
765,5232.3,3029.6,58.41,47,59.0
770,5232.3,3029.6,58.41,99,59.0
775,5232.3,3029.6,58.41,99,58.5
780,5232.5,3029.6,58.41,3,58.5
785,5232.3,3029.6,58.41,92,58.5
790,5232.3,3029.6,58.41,99,59.0
795,5232.5,3029.6,58.41,67,58.5
800,5232.4,3029.6,58.41,0,58.5
805,5232.3,3029.6,58.41,98,58.5
810,5232.3,3029.6,58.41,99,58.5
815,5232.5,3029.6,58.41,10,59.0
820,5232.3,3029.6,58.41,77,59.0
825,5232.3,3029.6,58.41,99,58.5
830,5232.3,3029.6,58.41,99,59.0
835,5232.5,3029.6,58.41,1,59.0
840,5232.3,3029.6,58.41,96,59.0
845,5232.3,3029.6,58.41,99,59.0
850,5232.6,3029.6,58.41,30,58.5
855,5232.3,2880.0,58.41,32,59.0
860,5232.3,3029.6,58.41,99,59.0
865,5232.3,3029.6,58.41,99,58.5
870,5232.6,3029.6,58.41,4,59.0
875,5232.3,3029.6,58.41,90,59.0
880,5232.3,3029.6,58.41,99,59.0
885,5232.6,3029.6,58.41,85,59.0
890,5232.5,3029.6,58.41,1,59.0
895,5232.4,3029.6,58.41,98,59.0
900,5232.4,3029.6,58.41,99,59.0
